id,idade,nomeJogador,nacionalidade,nomeClube
209658,27,L. GORETZKA,GERMANY,FC BAYERN MUNCHEN
212198,27,BRUNO FERNANDES,PORTUGAL,MANCHESTER UNITED
224334,30,M. ACUNA,ARGENTINA,SEVILLA FC
192985,31,K. DE BRUYNE,BELGIUM,MANCHESTER CITY
224232,25,N. BARELLA,ITALY,INTER
212622,27,J. KIMMICH,GERMANY,FC BAYERN MUNCHEN
197445,30,D. ALABA,AUSTRIA,REAL MADRID CF
187961,32,PAULINHO,BRAZIL,AL AHLI
208333,28,E. CAN,GERMANY,BORUSSIA DORTMUND
210514,28,JOAO CANCELO,PORTUGAL,MANCHESTER CITY
228251,26,L. PELLEGRINI,ITALY,ROMA
177003,36,L. MODRIC,CROATIA,REAL MADRID CF
223848,27,S. MILINKOVIC-SAVIC,SERBIA,LAZIO
225193,26,MERINO,SPAIN,REAL SOCIEDAD
226161,27,MARCOS LLORENTE,SPAIN,ATLETICO DE MADRID
212616,28,R. DE PAUL,ARGENTINA,ATLETICO DE MADRID
181458,33,I. PERISIC,CROATIA,TOTTENHAM HOTSPUR
228702,25,F. DE JONG,NETHERLANDS,FC BARCELONA
194765,31,A. GRIEZMANN,FRANCE,ATLETICO DE MADRID
193082,34,J. CUADRADO,COLOMBIA,JUVENTUS
208574,29,F. KOSTIC,SERBIA,EINTRACHT FRANKFURT
231281,23,T. ALEXANDER-ARNOLD,ENGLAND,LIVERPOOL
176580,35,L. SUAREZ,URUGUAY,CLUB NACIONAL DE FOOTBALL
235212,23,A. HAKIMI,MOROCCO,PARIS SAINT-GERMAIN
216352,29,M. BROZOVIC,CROATIA,INTER
209331,30,M. SALAH,EGYPT,LIVERPOOL
241096,22,S. TONALI,ITALY,AC MILAN
189509,31,THIAGO,SPAIN,LIVERPOOL
238074,22,R. JAMES,ENGLAND,CHELSEA
189332,33,JORDI ALBA,SPAIN,FC BARCELONA
213565,26,T. LEMAR,FRANCE,ATLETICO DE MADRID
230767,24,RENATO SANCHES,PORTUGAL,PARIS SAINT-GERMAIN
190286,31,CANALES,SPAIN,REAL BETIS BALOMPIE
226754,24,I. BENNACER,ALGERIA,AC MILAN
212462,29,ALEX TELLES,BRAZIL,SEVILLA FC
231969,29,R. MALINOVSKYI,UKRAINE,ATALANTA
238744,23,W. MCKENNIE,UNITED STATES,JUVENTUS
200145,30,CASEMIRO,BRAZIL,REAL MADRID CF
220651,25,ANGELINO,SPAIN,TSG HOFFENHEIM
230938,25,F. KESSIE,COTE D'IVOIRE,FC BARCELONA
200458,28,L. DIGNE,FRANCE,ASTON VILLA
188545,33,R. LEWANDOWSKI,POLAND,FC BARCELONA
181872,34,A. VIDAL,CHILE,INTER
240699,25,N. DE LA CRUZ,URUGUAY,RIVER PLATE
232411,24,C. NKUNKU,FRANCE,RB LEIPZIG
188377,32,K. WALKER,ENGLAND,MANCHESTER CITY
232656,24,T. HERNANDEZ,FRANCE,AC MILAN
186942,31,I. GUNDOGAN,GERMANY,MANCHESTER CITY
214097,28,B. BOURIGEAUD,FRANCE,STADE RENNAIS FC
223697,27,R. GOSENS,GERMANY,INTER
181291,31,G. WIJNALDUM,NETHERLANDS,ROMA
219683,27,C. TOLISSO,FRANCE,OLYMPIQUE LYONNAIS
202126,28,H. KANE,ENGLAND,TOTTENHAM HOTSPUR
193747,30,KOKE,SPAIN,ATLETICO DE MADRID
195479,30,J. TAVERNIER,ENGLAND,RANGERS FC
183711,32,J. HENDERSON,ENGLAND,LIVERPOOL
158023,35,L. MESSI,ARGENTINA,PARIS SAINT-GERMAIN
199556,29,M. VERRATTI,ITALY,PARIS SAINT-GERMAIN
214047,31,M. URIBE,COLOMBIA,FC PORTO
239053,23,F. VALVERDE,URUGUAY,REAL MADRID CF
208722,30,S. MANE,SENEGAL,FC BAYERN MUNCHEN
205632,27,L. OCAMPOS,ARGENTINA,SEVILLA FC
233927,24,LUCAS PAQUETA,BRAZIL,OLYMPIQUE LYONNAIS
202648,28,SERGI DARDER,SPAIN,RCD ESPANYOL DE BARCELONA
216393,25,Y. TIELEMANS,BELGIUM,LEICESTER CITY
209297,29,FRED,BRAZIL,MANCHESTER UNITED
218667,27,BERNARDO SILVA,PORTUGAL,MANCHESTER CITY
210035,26,GRIMALDO,SPAIN,SL BENFICA
234153,25,CARLOS SOLER,SPAIN,VALENCIA CF
224458,25,DIOGO JOTA,PORTUGAL,LIVERPOOL
252371,19,J. BELLINGHAM,ENGLAND,BORUSSIA DORTMUND
201455,29,G. KONDOGBIA,CENTRAL AFRICAN REPUBLIC,ATLETICO DE MADRID
186345,31,K. TRIPPIER,ENGLAND,NEWCASTLE UNITED
173210,31,C. MARCHISIO,ITALY,JUVENTUS
193283,30,T. DELANEY,DENMARK,SEVILLA FC
231747,23,K. MBAPPE,FRANCE,PARIS SAINT-GERMAIN
269765,22,S. OBISANYA,NIGERIA,AFC RICHMOND
183512,32,YURI BERCHICHE,SPAIN,ATHLETIC CLUB DE BILBAO
193165,29,J. CORONA,MEXICO,SEVILLA FC
235008,25,L. ROBERTONE,ARGENTINA,UNION DEPORTIVA ALMERIA
204923,28,M. SABITZER,AUSTRIA,FC BAYERN MUNCHEN
208128,28,H. CALHANOGLU,TURKEY,INTER
224293,25,RUBEN NEVES,PORTUGAL,WOLVERHAMPTON WANDERERS
173030,34,O. TREJO,ARGENTINA,RAYO VALLECANO
211748,28,K. DEMIRBAY,GERMANY,BAYER 04 LEVERKUSEN
209889,28,R. GUERREIRO,PORTUGAL,BORUSSIA DORTMUND
234396,21,A. DAVIES,CANADA,FC BAYERN MUNCHEN
172522,33,D. WASS,DENMARK,ATLETICO DE MADRID
240679,24,T. KOOPMEINERS,NETHERLANDS,ATALANTA
201519,29,J. VERETOUT,FRANCE,OLYMPIQUE DE MARSEILLE
195864,29,P. POGBA,FRANCE,JUVENTUS
146536,36,JESUS NAVAS,SPAIN,SEVILLA FC
210243,28,RICARDO PEREIRA,PORTUGAL,LEICESTER CITY
209499,28,FABINHO,BRAZIL,LIVERPOOL
208421,27,SAUL,SPAIN,ATLETICO DE MADRID
231478,24,L. MARTINEZ,ARGENTINA,INTER
189513,33,PAREJO,SPAIN,VILLARREAL CF
226226,26,G. LO CELSO,ARGENTINA,TOTTENHAM HOTSPUR
201942,30,ROBERTO FIRMINO,BRAZIL,LIVERPOOL
201389,29,C. BIRAGHI,ITALY,FIORENTINA
20801,37,CRISTIANO RONALDO,PORTUGAL,MANCHESTER UNITED
228618,27,F. MENDY,FRANCE,REAL MADRID CF
190871,30,NEYMAR JR,BRAZIL,PARIS SAINT-GERMAIN
173731,32,G. BALE,WALES,LOS ANGELES FC
212242,27,R. ANDRICH,GERMANY,BAYER 04 LEVERKUSEN
225375,25,K. LAIMER,AUSTRIA,RB LEIPZIG
188350,33,M. REUS,GERMANY,BORUSSIA DORTMUND
206511,28,M. ARNOLD,GERMANY,VFL WOLFSBURG
215914,31,N. KANTE,FRANCE,CHELSEA
216267,28,A. ROBERTSON,SCOTLAND,LIVERPOOL
203551,31,A. FLORENZI,ITALY,AC MILAN
13743,36,S. GERRARD,ENGLAND,LA GALAXY
208418,28,Y. CARRASCO,BELGIUM,ATLETICO DE MADRID
212523,28,ANDERSON TALISCA,BRAZIL,AL NASSR
208618,31,LUCAS VAZQUEZ,SPAIN,REAL MADRID CF
188152,30,OSCAR,BRAZIL,SHANGHAI PORT FC
251573,24,RENAN LODI,BRAZIL,ATLETICO DE MADRID
195272,30,M. FARAONI,ITALY,HELLAS VERONA
205686,30,T. SAVANIER,FRANCE,MONTPELLIER HERAULT SC
212207,29,N. STANCIU,ROMANIA,WUHAN THREE TOWNS
207439,28,L. PAREDES,ARGENTINA,PARIS SAINT-GERMAIN
205569,27,J. WARD-PROWSE,ENGLAND,SOUTHAMPTON
215071,34,M. CASCO,ARGENTINA,RIVER PLATE
178518,34,R. NAINGGOLAN,BELGIUM,ROYAL ANTWERP FC
165153,34,K. BENZEMA,FRANCE,REAL MADRID CF
182521,32,T. KROOS,GERMANY,REAL MADRID CF
121939,32,P. LAHM,GERMANY,FC BAYERN MUNCHEN
178562,34,E. BANEGA,ARGENTINA,AL SHABAB
243576,22,PEDRO PORRO,SPAIN,SPORTING CP
236791,27,A. BARAK,CZECH REPUBLIC,HELLAS VERONA
209989,29,T. PARTEY,GHANA,ARSENAL
241637,22,A. TCHOUAMENI,FRANCE,REAL MADRID CF
183898,34,A. DI MARIA,ARGENTINA,JUVENTUS
164169,32,FILIPE LUIS,BRAZIL,ATLETICO DE MADRID
207410,28,M. KOVACIC,CROATIA,CHELSEA
200104,29,H. SON,KOREA REPUBLIC,TOTTENHAM HOTSPUR
189596,32,T. MULLER,GERMANY,FC BAYERN MUNCHEN
214997,27,A. CORREA,ARGENTINA,ATLETICO DE MADRID
192638,31,MARCOS ALONSO,SPAIN,CHELSEA
155862,36,SERGIO RAMOS,SPAIN,PARIS SAINT-GERMAIN
180206,32,M. PJANIC,BOSNIA AND HERZEGOVINA,FC BARCELONA
226162,25,E. BUENDIA,ARGENTINA,ASTON VILLA
189125,32,G. BONAVENTURA,ITALY,FIORENTINA
135455,33,MAICON,BRAZIL,ROMA
217870,28,G. DI LORENZO,ITALY,NAPOLI
236480,25,Y. BISSOUMA,MALI,TOTTENHAM HOTSPUR
171877,34,M. HAMSIK,SLOVAKIA,TRABZONSPOR
176676,33,MARCELO,BRAZIL,REAL MADRID CF
189362,33,HULK,BRAZIL,SHANGHAI PORT FC
171579,35,RAUL GARCIA,SPAIN,ATHLETIC CLUB DE BILBAO
231866,26,RODRI,SPAIN,MANCHESTER CITY
252060,22,T. POBEGA,ITALY,AC MILAN
227813,25,O. ZINCHENKO,UKRAINE,ARSENAL
247090,21,E. FERNANDEZ,ARGENTINA,SL BENFICA
230256,30,ADRYAN ZONTA,BRAZIL,RB BRAGANTINO
239231,23,CUCURELLA,SPAIN,CHELSEA
198164,32,JONATHAN VIERA,SPAIN,UNION DEPORTIVA LAS PALMAS
168651,34,I. RAKITIC,CROATIA,SEVILLA FC
203535,27,T. VILHENA,NETHERLANDS,RCD ESPANYOL DE BARCELONA
215798,25,M. CORNET,COTE D'IVOIRE,WEST HAM UNITED
233419,25,RAPHINHA,BRAZIL,FC BARCELONA
230658,25,ARTHUR,BRAZIL,JUVENTUS
146562,35,SANTI CAZORLA,SPAIN,JUVENTUS
205498,30,JORGINHO,ITALY,CHELSEA
210881,27,J. MCGINN,SCOTLAND,ASTON VILLA
236496,23,M. GUENDOUZI,FRANCE,OLYMPIQUE DE MARSEILLE
198031,30,SERGIO OLIVEIRA,PORTUGAL,GALATASARAY SK
210008,27,A. RABIOT,FRANCE,JUVENTUS
203483,29,D. KLAASSEN,NETHERLANDS,AJAX
216594,28,N. FEKIR,FRANCE,REAL BETIS BALOMPIE
210406,28,P. ZIELINSKI,POLAND,NAPOLI
192883,33,H. MKHITARYAN,ARMENIA,INTER
248243,19,E. CAMAVINGA,FRANCE,REAL MADRID CF
226271,26,FABIAN,SPAIN,NAPOLI
138412,36,J. MILNER,ENGLAND,LIVERPOOL
191740,32,ANDER HERRERA,SPAIN,PARIS SAINT-GERMAIN
156519,32,H. HERRERA,MEXICO,HOUSTON DYNAMO
246191,22,J. ALVAREZ,ARGENTINA,MANCHESTER CITY
240709,24,R. BAKU,GERMANY,VFL WOLFSBURG
223874,27,V. RONGIER,FRANCE,OLYMPIQUE DE MARSEILLE
239085,21,E. HAALAND,NORWAY,MANCHESTER CITY
222077,24,M. LOCATELLI,ITALY,JUVENTUS
239301,24,L. MARTINEZ,ARGENTINA,MANCHESTER UNITED
229752,25,D. SOW,SWITZERLAND,EINTRACHT FRANKFURT
184943,31,RAMIRES,BRAZIL,JIANGSU FC
233064,23,M. MOUNT,ENGLAND,CHELSEA
189271,31,F. COQUELIN,FRANCE,VILLARREAL CF
199304,30,DANILO,BRAZIL,JUVENTUS
221363,25,D. VAN DE BEEK,NETHERLANDS,MANCHESTER UNITED
208830,35,J. VARDY,ENGLAND,LEICESTER CITY
216320,27,S. FOFANA,COTE D'IVOIRE,RACING CLUB DE LENS
253727,25,L. PROVOD,CZECH REPUBLIC,SK SLAVIA PRAHA
203376,30,V. VAN DIJK,NETHERLANDS,LIVERPOOL
229927,25,GERSON,BRAZIL,OLYMPIQUE DE MARSEILLE
233029,31,R. ALIENDRO,ARGENTINA,RIVER PLATE
146954,33,GABI,SPAIN,ATLETICO DE MADRID
210411,27,OTAVIO,PORTUGAL,FC PORTO
200610,29,K. VOLLAND,GERMANY,AS MONACO
223273,27,M. PASALIC,CROATIA,ATALANTA
269760,40,R. KENT,ENGLAND,AFC RICHMOND
225201,26,ALEX BERENGUER,SPAIN,ATHLETIC CLUB DE BILBAO
234568,23,GEDSON FERNANDES,PORTUGAL,BESIKTAS JK
223959,26,L. TORREIRA,URUGUAY,GALATASARAY SK
227236,26,A. ZAMBO ANGUISSA,CAMEROON,NAPOLI
222558,27,R. KARSDORP,NETHERLANDS,ROMA
208461,31,M. DE ROON,NETHERLANDS,ATALANTA
211093,29,C. MCGREGOR,SCOTLAND,CELTIC
162347,35,JOAO MOUTINHO,PORTUGAL,WOLVERHAMPTON WANDERERS
162240,33,M. DEMBELE,BELGIUM,GUANGZHOU CITY
247851,24,BRUNO GUIMARAES,BRAZIL,NEWCASTLE UNITED
242444,22,JOAO FELIX,PORTUGAL,ATLETICO DE MADRID
184200,33,M. ARNAUTOVIC,AUSTRIA,BOLOGNA
231943,25,RICHARLISON,BRAZIL,TOTTENHAM HOTSPUR
222665,23,M. DEGAARD,NORWAY,ARSENAL
251854,19,PEDRI,SPAIN,FC BARCELONA
208135,29,A. DOUCOURE,MALI,EVERTON
208093,30,GERARD MORENO,SPAIN,VILLARREAL CF
213648,26,P. HJBJERG,DENMARK,TOTTENHAM HOTSPUR
216189,30,CAPA,SPAIN,ATHLETIC CLUB DE BILBAO
135507,36,FERNANDINHO,BRAZIL,MANCHESTER CITY
204539,32,L. ADVINCULA,PERU,BOCA JUNIORS
211110,28,P. DYBALA,ARGENTINA,ROMA
227535,25,R. BENTANCUR,URUGUAY,TOTTENHAM HOTSPUR
199434,33,D. TADIC,SERBIA,AJAX
251116,29,T. HOLES,CZECH REPUBLIC,SK SLAVIA PRAHA
229984,25,B. CHILWELL,ENGLAND,CHELSEA
169051,32,F. GUARIN,COLOMBIA,SHANGHAI SHENHUA FC
202884,29,L. SPINAZZOLA,ITALY,ROMA
216036,32,R. DELGADO,ARGENTINA,CLUB ATLETICO COLON
204963,30,CARVAJAL,SPAIN,REAL MADRID CF
236401,24,N. MAZRAOUI,MOROCCO,FC BAYERN MUNCHEN
197965,31,PIZZI,PORTUGAL,ISTANBUL BASAKSEHIR FK
198784,28,A. OXLADE-CHAMBERLAIN,ENGLAND,LIVERPOOL
208141,28,GABRIEL,BRAZIL,SL BENFICA
10535,34,XAVI,SPAIN,FC BARCELONA
205070,30,PORTU,SPAIN,GETAFE CF
247030,28,P. SEVCIK,CZECH REPUBLIC,SK SLAVIA PRAHA
253124,23,MATHEUS NUNES,PORTUGAL,SPORTING CP
193061,31,R. PEREYRA,ARGENTINA,UDINESE CALCIO
226807,27,C. ROLDAN,UNITED STATES,SEATTLE SOUNDERS FC
190717,32,M. ANTONIO,JAMAICA,WEST HAM UNITED
199451,31,W. BEN YEDDER,FRANCE,AS MONACO
202652,27,R. STERLING,ENGLAND,CHELSEA
210315,27,DE TOMAS,SPAIN,RCD ESPANYOL DE BARCELONA
269770,27,R. MONTLAUR,FRANCE,AFC RICHMOND
246104,20,R. GRAVENBERCH,NETHERLANDS,FC BAYERN MUNCHEN
197083,34,D. CALIGIURI,ITALY,FC AUGSBURG
246669,20,B. SAKA,ENGLAND,ARSENAL
230183,22,GERSON ARMAO,BRAZIL,INTERNACIONAL
191043,31,ALEX SANDRO,BRAZIL,JUVENTUS
187072,33,L. STINDL,GERMANY,BORUSSIA MONCHENGLADBACH
224081,26,K. PHILLIPS,ENGLAND,MANCHESTER CITY
239732,24,S. ZURKOWSKI,POLAND,FIORENTINA
199042,33,C. ARANGUIZ,CHILE,BAYER 04 LEVERKUSEN
230251,22,MELVIN PARRELA,BRAZIL,RB BRAGANTINO
243231,24,E. MWEPU,ZAMBIA,BRIGHTON & HOVE ALBION
230481,30,RONALDO CABRAIS,BRAZIL,PALMEIRAS
208450,26,ANDREAS PEREIRA,BRAZIL,FULHAM
226491,25,K. TIERNEY,SCOTLAND,ARSENAL
202371,30,T. MEUNIER,BELGIUM,BORUSSIA DORTMUND
193352,29,R. RODRIGUEZ,SWITZERLAND,TORINO F.C.
217036,29,ALEX MORENO,SPAIN,REAL BETIS BALOMPIE
237520,24,M. CAMARA,GUINEA,OLYMPIACOS CFP
240471,26,F. GORRIARAN,URUGUAY,SANTOS LAGUNA
239093,29,J. CLAUSS,FRANCE,OLYMPIQUE DE MARSEILLE
195861,32,Y. RAKITSKYI,UKRAINE,ADANA DEMIRSPOR
226268,24,F. DIMARCO,ITALY,INTER
237238,25,S. MCTOMINAY,SCOTLAND,MANCHESTER UNITED
210324,29,J. HOFMANN,GERMANY,BORUSSIA MONCHENGLADBACH
171897,35,A. GUARDADO,MEXICO,REAL BETIS BALOMPIE
190875,34,J. KUCKA,SLOVAKIA,WATFORD
183498,35,M. PAROLO,ITALY,LAZIO
201400,29,RAFINHA,BRAZIL,PARIS SAINT-GERMAIN
238067,22,N. ZANIOLO,ITALY,ROMA
193474,32,I. GUEYE,SENEGAL,PARIS SAINT-GERMAIN
210896,27,M. SANSON,FRANCE,ASTON VILLA
247394,22,D. KULUSEVSKI,SWEDEN,TOTTENHAM HOTSPUR
224030,24,M. LOPEZ,FRANCE,U.S. SASSUOLO CALCIO
146530,38,DANI ALVES,BRAZIL,FC BARCELONA
212404,28,F. BERNARDESCHI,ITALY,TORONTO FC
178213,33,E. CAPOUE,FRANCE,VILLARREAL CF
211688,27,GAYA,SPAIN,VALENCIA CF
200949,29,LUCAS MOURA,BRAZIL,TOTTENHAM HOTSPUR
220697,25,J. MADDISON,ENGLAND,LEICESTER CITY
210739,28,C. NIELSEN,DENMARK,CLUB BRUGGE KV
231913,26,F. AURSNES,NORWAY,FEYENOORD
216475,34,MORALES,SPAIN,VILLARREAL CF
243245,21,O. KOKCU,TURKEY,FEYENOORD
202556,28,M. DEPAY,NETHERLANDS,FC BARCELONA
206006,30,E. ALIOSKI,NORTH MACEDONIA,FENERBAHCE SK
240950,24,PEDRO GONCALVES,PORTUGAL,SPORTING CP
231318,24,R. PERRAUD,FRANCE,SOUTHAMPTON
223154,27,O. TUFAN,TURKEY,HULL CITY
189575,29,MUNIAIN,SPAIN,ATHLETIC CLUB DE BILBAO
213242,28,A. TAMEZE,FRANCE,HELLAS VERONA
226790,25,W. NDIDI,NIGERIA,LEICESTER CITY
190674,31,B. ANDRE,FRANCE,LOSC LILLE
212269,25,R. BAZOER,NETHERLANDS,AZ ALKMAAR
230065,25,S. SERDAR,GERMANY,HERTHA BSC
220971,27,N. KEITA,GUINEA,LIVERPOOL
230337,34,ANDESON TRIGO,BRAZIL,FLUMINENSE
235173,24,I. SANGARE,COTE D'IVOIRE,PSV
196432,36,E. PEREZ,ARGENTINA,RIVER PLATE
222492,26,L. SANE,GERMANY,FC BAYERN MUNCHEN
242577,23,R. FAIVRE,FRANCE,OLYMPIQUE LYONNAIS
202642,30,FERNANDO,BRAZIL,ANTALYASPOR
229758,28,R. KRUNIC,BOSNIA AND HERZEGOVINA,AC MILAN
225663,26,A. GOLOVIN,RUSSIA,AS MONACO
234741,25,G. HAMER,NETHERLANDS,COVENTRY CITY
220018,28,A. REBIC,CROATIA,AC MILAN
221174,29,M. ORSIC,CROATIA,DINAMO ZAGREB
199823,29,CAMPANA,SPAIN,LEVANTE UNION DEPORTIVA
207984,26,A. GONZALEZ,MEXICO,CF MONTERREY
242201,27,LUIS MILLA,SPAIN,GETAFE CF
225126,27,E. SKHIRI,TUNISIA,1. FC KOLN
244309,28,T. TEUMA,MALTA,ROYALE UNION SAINT-GILLOISE
228302,26,PEDRAZA,SPAIN,VILLARREAL CF
237692,22,P. FODEN,ENGLAND,MANCHESTER CITY
207865,28,MARQUINHOS,BRAZIL,PARIS SAINT-GERMAIN
205988,26,L. SHAW,ENGLAND,MANCHESTER UNITED
172962,30,V. MOSES,NIGERIA,SPARTAK MOSKVA
218339,26,M. DAHOUD,GERMANY,BORUSSIA DORTMUND
197853,28,S. AURIER,COTE D'IVOIRE,VILLARREAL CF
199914,31,ALLAN,BRAZIL,EVERTON
236477,24,A. CLAUDE-MAURICE,FRANCE,OGC NICE
216435,27,S. LOBOTKA,SLOVAKIA,NAPOLI
208364,29,CLINTON MATA,ANGOLA,CLUB BRUGGE KV
211361,27,D. CATALDI,ITALY,LAZIO
208670,29,H. ZIYECH,MOROCCO,CHELSEA
203843,34,D. SUAREZ,URUGUAY,GETAFE CF
230666,25,GABRIEL JESUS,BRAZIL,ARSENAL
216464,27,A. BROWNE,REPUBLIC OF IRELAND,PRESTON NORTH END
230360,22,HEDISELTON,BRAZIL,RB BRAGANTINO
170368,30,E. LAMELA,ARGENTINA,SEVILLA FC
167905,34,A. VALENCIA,ECUADOR,GALLOS BLANCOS DE QUERETARO
236792,27,T. SOUCEK,CZECH REPUBLIC,WEST HAM UNITED
189242,30,COUTINHO,BRAZIL,ASTON VILLA
231227,24,N. DORSCH,GERMANY,FC AUGSBURG
234378,23,D. RICE,ENGLAND,WEST HAM UNITED
213516,27,RICARDO HORTA,PORTUGAL,SC BRAGA
215076,29,L. FARAVELLI,ARGENTINA,INDEPENDIENTE DEL VALLE
163699,36,S. SESSEGNON,BENIN,GENCLERBIRLIGI SK
171875,33,C. ERKIN,TURKEY,FATIH KARAGUMRUK S.K.
231390,25,DIOGO GONCALVES,PORTUGAL,SL BENFICA
235805,24,F. CHIESA,ITALY,JUVENTUS
204838,31,R. JIMENEZ,MEXICO,WOLVERHAMPTON WANDERERS
234906,24,H. AOUAR,FRANCE,OLYMPIQUE LYONNAIS
269761,24,J. TARTT,ENGLAND,AFC RICHMOND
244470,29,V. COUFAL,CZECH REPUBLIC,WEST HAM UNITED
211256,29,N. TAGLIAFICO,ARGENTINA,OLYMPIQUE LYONNAIS
231677,24,M. RASHFORD,ENGLAND,MANCHESTER UNITED
247972,24,D. OLARU,ROMANIA,FCSB (STEAUA)
220673,26,R. TAPIA,PERU,RC CELTA DE VIGO
152908,36,A. YOUNG,ENGLAND,ASTON VILLA
212187,28,P. MAX,GERMANY,PSV
248872,25,R. SANCHEZ,PARAGUAY,CLUB AMERICA
192318,30,M. GOTZE,GERMANY,EINTRACHT FRANKFURT
205678,32,E. VISCA,BOSNIA AND HERZEGOVINA,TRABZONSPOR
233301,24,R. KRISTENSEN,DENMARK,LEEDS UNITED
247246,21,K. THURAM,FRANCE,OGC NICE
190815,32,D. BLIND,NETHERLANDS,AJAX
231102,24,L. BLAS,FRANCE,FC NANTES
224031,29,A. MARUSIC,MONTENEGRO,LAZIO
226456,26,PABLO FORNALS,SPAIN,WEST HAM UNITED
194958,31,A. MOOY,AUSTRALIA,CELTIC
192629,34,IAGO ASPAS,SPAIN,RC CELTA DE VIGO
193198,30,N. GUDELJ,SERBIA,SEVILLA FC
235210,29,PEDRINHO,PORTUGAL,MKE ANKARAGUCU
212501,27,L. DENDONCKER,BELGIUM,WOLVERHAMPTON WANDERERS
200094,29,M. OZDOEV,RUSSIA,FATIH KARAGUMRUK S.K.
230347,22,WELINGTON DANO,BRAZIL,CLUBE ATLETICO MINEIRO
208787,28,A. THOMASSON,FRANCE,RC STRASBOURG ALSACE
228941,26,ANDRE SILVA,PORTUGAL,RB LEIPZIG
251470,21,C. DE KETELAERE,BELGIUM,AC MILAN
201262,31,V. DARIDA,CZECH REPUBLIC,HERTHA BSC
244261,24,L. MAJER,CROATIA,STADE RENNAIS FC
234505,24,EVANDER,BRAZIL,FC MIDTJYLLAND
202282,30,S. ARMSTRONG,SCOTLAND,SOUTHAMPTON
153079,33,S. AGUERO,ARGENTINA,FC BARCELONA
204970,28,F. THAUVIN,FRANCE,TIGRES U.A.N.L.
208835,31,Y. M'CHANGAMA,COMOROS,AJ AUXERRE
220883,26,R. BORRE,COLOMBIA,EINTRACHT FRANKFURT
195096,30,FRANSERGIO,BRAZIL,FC GIRONDINS DE BORDEAUX
245308,32,M. NEREZ,URUGUAY,JUVENTUS
218868,32,A. SILVA,URUGUAY,CLUB OLIMPIA
200260,30,S. BERGHUIS,NETHERLANDS,AJAX
252145,20,NUNO MENDES,PORTUGAL,PARIS SAINT-GERMAIN
202166,28,J. DRAXLER,GERMANY,PARIS SAINT-GERMAIN
222390,26,UNAI LOPEZ,SPAIN,RAYO VALLECANO
210935,27,D. BERARDI,ITALY,U.S. SASSUOLO CALCIO
253072,23,D. NUNEZ,URUGUAY,LIVERPOOL
204485,31,R. MAHREZ,ALGERIA,MANCHESTER CITY
184432,32,AZPILICUETA,SPAIN,CHELSEA
203486,29,T. HAZARD,BELGIUM,BORUSSIA DORTMUND
216150,30,D. ZAPPACOSTA,ITALY,ATALANTA
233096,26,D. DUMFRIES,NETHERLANDS,INTER
231521,23,E. PALACIOS,ARGENTINA,BAYER 04 LEVERKUSEN
224423,26,M. WITTEK,GERMANY,VITESSE
199254,30,JOAO PEDRO,ITALY,FENERBAHCE SK
192387,32,C. IMMOBILE,ITALY,LAZIO
213884,27,R. CHRISTIE,SCOTLAND,AFC BOURNEMOUTH
224196,27,R. BENSEBAINI,ALGERIA,BORUSSIA MONCHENGLADBACH
202024,30,R. FREULER,SWITZERLAND,ATALANTA
241811,21,SERGIO GOMEZ,SPAIN,RSC ANDERLECHT
206113,26,S. GNABRY,GERMANY,FC BAYERN MUNCHEN
236657,23,F. UGRINIC,SWITZERLAND,BSC YOUNG BOYS
192906,37,L. RODRIGUEZ,ARGENTINA,CLUB ATLETICO COLON
211241,30,RUBEN PENA,SPAIN,CA OSASUNA
179846,33,S. KHEDIRA,GERMANY,HERTHA BSC
233195,24,X. SCHLAGER,AUSTRIA,RB LEIPZIG
204614,31,MARIO RUI,PORTUGAL,NAPOLI
242516,23,C. GAKPO,NETHERLANDS,PSV
212811,28,M. LEMINA,GABON,OGC NICE
247028,24,A. KRAL,CZECH REPUBLIC,FC SCHALKE 04
236703,24,D. RAUM,GERMANY,RB LEIPZIG
239361,24,D. DE WIT,NETHERLANDS,AZ ALKMAAR
230142,25,OYARZABAL,SPAIN,REAL SOCIEDAD
238463,24,A. HAIDARA,MALI,RB LEIPZIG
244253,24,U. RACIC,SERBIA,VALENCIA CF
204688,31,S. SCHWAB,AUSTRIA,PAOK
235407,24,S. OZCAN,TURKEY,BORUSSIA DORTMUND
184484,31,G. SIGURSSON,ICELAND,EVERTON
216201,28,INAKI WILLIAMS,SPAIN,ATHLETIC CLUB DE BILBAO
200759,29,J. SCHLUPP,GHANA,CRYSTAL PALACE
54050,34,W. ROONEY,ENGLAND,DERBY COUNTY
183108,35,N. AMRABAT,MOROCCO,AEK ATHENS
247328,21,UNAI VENCEDOR,SPAIN,ATHLETIC CLUB DE BILBAO
199564,30,SERGI ROBERTO,SPAIN,FC BARCELONA
205069,29,JUAN BERNAT,SPAIN,PARIS SAINT-GERMAIN
245235,24,A. BAH,DENMARK,SL BENFICA
193839,32,ROMULO,ITALY,BRESCIA
211117,26,D. ALLI,ENGLAND,EVERTON
201119,32,ISMAILY,BRAZIL,LOSC LILLE
229261,25,D. ZAKARIA,SWITZERLAND,JUVENTUS
213874,30,THIAGO MENDES,BRAZIL,OLYMPIQUE LYONNAIS
176571,32,A. AYEW,GHANA,JUVENTUS
213629,27,E. PULGAR,CHILE,GALATASARAY SK
198658,28,F. MIDTSJ,NORWAY,GALATASARAY SK
257771,26,J. JURANOVIC,CROATIA,CELTIC
184941,33,A. SANCHEZ,CHILE,OLYMPIQUE DE MARSEILLE
238216,22,C. GALLAGHER,ENGLAND,CHELSEA
235569,25,T. NDOMBELE,FRANCE,TOTTENHAM HOTSPUR
258683,21,I. ILIC,SERBIA,HELLAS VERONA
220334,29,O. ROMERO,PARAGUAY,BOCA JUNIORS
202562,29,J. ROUSSILLON,FRANCE,VFL WOLFSBURG
244374,23,M. SHAPARENKO,UKRAINE,DYNAMO KYIV
197781,30,ISCO,SPAIN,SEVILLA FC
206651,33,ROBERTO TORRES,SPAIN,CA OSASUNA
213013,28,F. ACHEAMPONG,GHANA,SHENZHEN FC
202135,29,S. STURARO,ITALY,GENOA
193301,31,A. LACAZETTE,FRANCE,OLYMPIQUE LYONNAIS
112316,35,J. MATHIEU,FRANCE,SPORTING CP
225403,26,I. KAHVECI,TURKEY,FENERBAHCE SK
223717,26,D. TOKOZ,TURKEY,TRABZONSPOR
241084,25,L. DIAZ,COLOMBIA,LIVERPOOL
171688,32,FABIO COENTRAO,PORTUGAL,RIO AVE FC
212814,29,JOAO MARIO,PORTUGAL,SL BENFICA
210374,29,J. VIGON,MEXICO,TIGRES U.A.N.L.
195365,31,K. KAMPL,SLOVENIA,RB LEIPZIG
206467,29,A. PLEA,FRANCE,BORUSSIA MONCHENGLADBACH
239807,22,D. FRATTESI,ITALY,U.S. SASSUOLO CALCIO
176546,31,J. ZUNIGA,COLOMBIA,ATLETICO NACIONAL
227174,24,M. CASH,POLAND,ASTON VILLA
201922,28,M. HINTEREGGER,AUSTRIA,JUVENTUS
201042,28,D. SIDIBE,FRANCE,AS MONACO
262411,25,MIGUEL CRESPO,PORTUGAL,FENERBAHCE SK
207494,29,J. LINGARD,ENGLAND,NOTTINGHAM FOREST
212138,27,P. FRANKOWSKI,POLAND,RACING CLUB DE LENS
138193,33,J. BARTON,ENGLAND,BURNLEY
231340,25,G. MONTIEL,ARGENTINA,SEVILLA FC
193738,32,Y. BELHANDA,MOROCCO,ADANA DEMIRSPOR
214988,28,L. MIRANDA,ARGENTINA,RACING CLUB
232905,29,J. ITO,JAPAN,STADE DE REIMS
183277,31,E. HAZARD,BELGIUM,REAL MADRID CF
184134,34,FERNANDO,BRAZIL,SEVILLA FC
247450,25,A. PALAVECINO,ARGENTINA,RIVER PLATE
198141,31,MARC BARTRA,SPAIN,REAL BETIS BALOMPIE
220093,28,H. HATEBOER,NETHERLANDS,ATALANTA
190059,30,S. ZUBER,SWITZERLAND,AEK ATHENS
226789,25,A. FULGINI,FRANCE,1. FSV MAINZ 05
188042,34,M. SUAREZ,ARGENTINA,RIVER PLATE
229857,26,S. SENSI,ITALY,AC MONZA
179944,33,DAVID LUIZ,BRAZIL,ARSENAL
216354,31,A. KRAMARIC,CROATIA,TSG HOFFENHEIM
240130,24,EDER MILITAO,BRAZIL,REAL MADRID CF
195412,34,MOISES,BRAZIL,SHANDONG TAISHAN
173208,35,D. CRISCITO,ITALY,TORONTO FC
247793,25,JAIME SEOANE,SPAIN,GETAFE CF
231591,27,JAVI GALAN,SPAIN,RC CELTA DE VIGO
213209,26,K. ACOSTA,UNITED STATES,LOS ANGELES FC
201982,32,J. SCHMID,FRANCE,SPORT-CLUB FREIBURG
219789,30,H. TRAORE,MALI,STADE RENNAIS FC
15723,35,17 D. KUYT,NETHERLANDS,FEYENOORD
241509,23,MAURO JUNIOR,BRAZIL,PSV
220332,28,A. ROMERO,PARAGUAY,CRUZ AZUL
200223,28,A. MAHER,NETHERLANDS,DAMAC FC
209519,28,G. LABORDE,FRANCE,STADE RENNAIS FC
203890,30,S. VRSALJKO,CROATIA,JUVENTUS
172871,35,J. VERTONGHEN,BELGIUM,SL BENFICA
209781,35,P. CAPELLE,FRANCE,ANGERS SCO
199767,29,M. VAN GINKEL,NETHERLANDS,PSV
230965,26,N. NANDEZ,URUGUAY,CAGLIARI
246923,21,J. RAMSEY,ENGLAND,ASTON VILLA
210736,27,EMERSON,ITALY,CHELSEA
230234,26,JORGE ANDRAO,BRAZIL,FLUMINENSE
224425,27,M. WOLF,GERMANY,BORUSSIA DORTMUND
239433,27,N. MAKSIMOVIC,SERBIA,GETAFE CF
223058,28,D. KUZYAEV,RUSSIA,JUVENTUS
251221,26,L. KALVACH,CZECH REPUBLIC,FC VIKTORIA PLZEN
189615,32,A. CRESSWELL,ENGLAND,WEST HAM UNITED
224574,26,O. PINEDA,MEXICO,AEK ATHENS
179813,34,E. CAVANI,URUGUAY,MANCHESTER UNITED
201303,30,R. FALK,DENMARK,F.C. KBENHAVN
233738,25,ZUBELDIA,SPAIN,REAL SOCIEDAD
244260,24,DANI OLMO,SPAIN,RB LEIPZIG
251517,20,J. GVARDIOL,CROATIA,RB LEIPZIG
245209,23,M. SADILEK,CZECH REPUBLIC,FC TWENTE
252931,23,L. IVANUSEC,CROATIA,DINAMO ZAGREB
213388,29,F. TAIT,FRANCE,STADE RENNAIS FC
183394,32,M. SISSOKO,FRANCE,FC NANTES
189280,32,A. WESTWOOD,ENGLAND,BURNLEY
190149,33,DE MARCOS,SPAIN,ATHLETIC CLUB DE BILBAO
172140,33,D. PRANJIC,CROATIA,PANATHINAIKOS FC
225953,24,S. BERGWIJN,NETHERLANDS,AJAX
234574,23,DIOGO DALOT,PORTUGAL,MANCHESTER UNITED
220834,26,MARCO ASENSIO,SPAIN,REAL MADRID CF
192789,31,MARIO GASPAR,SPAIN,WATFORD
242664,23,A. SAELEMAEKERS,BELGIUM,AC MILAN
198950,30,PABLO SARABIA,SPAIN,PARIS SAINT-GERMAIN
233500,23,L. SINISTERRA,COLOMBIA,LEEDS UNITED
204399,33,E. ZAHAVI,ISRAEL,PSV
143076,34,A. GOMEZ,ARGENTINA,SEVILLA FC
213991,27,J. LERMA,COLOMBIA,AFC BOURNEMOUTH
204226,31,D. LEZCANO,PARAGUAY,FUTBOL CLUB JUAREZ
240754,26,Y. ATAL,ALGERIA,OGC NICE
192064,30,GAO LATE,CHINA PR,GUANGZHOU FC
237239,26,E. BARDHI,NORTH MACEDONIA,LEVANTE UNION DEPORTIVA
236499,24,DOUGLAS LUIZ,BRAZIL,ASTON VILLA
224411,25,GONCALO GUEDES,PORTUGAL,WOLVERHAMPTON WANDERERS
211147,26,V. LAZARO,AUSTRIA,TORINO F.C.
192505,29,R. LUKAKU,BELGIUM,INTER
252143,23,DANIEL BRAGANCA,PORTUGAL,SPORTING CP
170370,31,J. DOS SANTOS,MEXICO,CLUB AMERICA
234457,26,O. ETEBO,NIGERIA,STOKE CITY
242280,22,L. FERGUSON,SCOTLAND,BOLOGNA
229010,25,S. AMALLAH,MOROCCO,STANDARD DE LIEGE
232099,26,M. GRUJIC,SERBIA,FC PORTO
269775,26,A. DIXON,ENGLAND,AFC RICHMOND
230258,22,ROSIVAL DOURADO,BRAZIL,SPORT CLUB CORINTHIANS PAULISTA
187754,33,MARLOS,UKRAINE,SHAKHTAR DONETSK
228881,25,D. CALABRIA,ITALY,AC MILAN
269763,26,D. ROJAS,MEXICO,AFC RICHMOND
215270,30,L. ZELARAYAN,ARMENIA,COLUMBUS CREW
235297,26,M. BERO,SLOVAKIA,VITESSE
187052,31,Y. M'VILA,FRANCE,OLYMPIACOS CFP
244622,24,PUADO,SPAIN,RCD ESPANYOL DE BARCELONA
204542,32,Y. YOTUN,PERU,CLUB SPORTING CRISTAL
235374,28,M. LAZZARI,ITALY,LAZIO
243015,27,L. ROMO,MEXICO,JUVENTUS
184704,28,MARQUINHO,BRAZIL,AL AHLI
190765,31,P. GRO,GERMANY,BRIGHTON & HOVE ALBION
221832,27,L. OLAZA,URUGUAY,REAL VALLADOLID CF
220659,26,J. BROWNHILL,ENGLAND,BURNLEY
234943,25,F. NEUHAUS,GERMANY,BORUSSIA MONCHENGLADBACH
241461,22,FERRAN TORRES,SPAIN,FC BARCELONA
245630,23,Y. FOFANA,FRANCE,AS MONACO
222028,26,J. WEIGL,GERMANY,SL BENFICA
233478,28,M. ZAJC,SLOVENIA,FENERBAHCE SK
239613,25,M. PESSINA,ITALY,AC MONZA
181783,34,M. MANDZUKIC,CROATIA,AC MILAN
235926,22,M. ZARACHO,ARGENTINA,RACING CLUB
190761,31,T. ARSLAN,GERMANY,UDINESE CALCIO
234060,24,Y. HERRERA,VENEZUELA,GIRONA FC
237819,24,N. DOMINGUEZ,ARGENTINA,BOLOGNA
188567,33,P. AUBAMEYANG,GABON,FC BARCELONA
254909,23,O. DORLEY,LIBERIA,SK SLAVIA PRAHA
247131,30,A. ESPINO,URUGUAY,CADIZ CF
164459,37,S. LARSSON,SWEDEN,AIK
212213,29,RICARDO ESGAIO,PORTUGAL,SPORTING CP
253149,21,J. FRIMPONG,NETHERLANDS,BAYER 04 LEVERKUSEN
153244,35,A. GIGNAC,FRANCE,TIGRES U.A.N.L.
250723,21,K. KONE,FRANCE,BORUSSIA MONCHENGLADBACH
212194,26,J. BRANDT,GERMANY,BORUSSIA DORTMUND
167514,34,D. BASTA,SERBIA,LAZIO
184942,30,GIULIANO,BRAZIL,ISTANBUL BASAKSEHIR FK
235456,24,J. BELLEGARDE,FRANCE,RC STRASBOURG ALSACE
253109,23,J. VEERMAN,NETHERLANDS,PSV
236699,25,S. LUKIC,SERBIA,TORINO F.C.
212678,28,L. AUGUSTINSSON,SWEDEN,ASTON VILLA
203980,28,K. FORTOUNIS,GREECE,OLYMPIACOS CFP
229391,26,PALHINHA,PORTUGAL,FULHAM
223570,25,J. SAMBIA,FRANCE,US SALERNITANA 1919
228595,27,G. PROMEL,GERMANY,TSG HOFFENHEIM
216158,29,S. WIDMER,SWITZERLAND,1. FSV MAINZ 05
224739,26,P. OLAYINKA,NIGERIA,SK SLAVIA PRAHA
215193,29,L. MENOSSI,ARGENTINA,CLUB ATLETICO TIGRE
184133,34,CASTRO,PORTUGAL,SC BRAGA
226851,26,B. PAVARD,FRANCE,FC BAYERN MUNCHEN
222404,26,M. NORMANN,NORWAY,JUVENTUS
245275,25,T. BASIC,CROATIA,LAZIO
178603,33,M. HUMMELS,GERMANY,BORUSSIA DORTMUND
240753,22,A. GOUIRI,FRANCE,OGC NICE
212886,27,W. CYPRIEN,FRANCE,PARMA
220854,27,E. GUTIERREZ,MEXICO,PSV
190483,29,DOUGLAS COSTA,BRAZIL,FC BAYERN MUNCHEN
235813,26,R. MARIN,ROMANIA,EMPOLI
170320,34,L. DE SILVESTRI,ITALY,BOLOGNA
178007,36,MIGUEL VELOSO,PORTUGAL,HELLAS VERONA
183427,31,F. DELPH,ENGLAND,EVERTON
203505,28,J. BRYAN,ENGLAND,FULHAM
210463,28,D. MACHIS,VENEZUELA,GRANADA CF
186395,32,M. RITCHIE,SCOTLAND,NEWCASTLE UNITED
239778,23,J. MODER,POLAND,BRIGHTON & HOVE ALBION
5471,38,F. LAMPARD,ENGLAND,NEW YORK CITY FC
185373,31,I. POPOV,BULGARIA,JUVENTUS
251675,25,DOUGLAS AUGUSTO,BRAZIL,PAOK
236572,22,O. WIJNDAL,NETHERLANDS,AJAX
229158,26,B. VAN DEN BOOMEN,NETHERLANDS,TOULOUSE FOOTBALL CLUB
184575,33,R. ALESSANDRINI,FRANCE,SHENZHEN FC
230020,29,P. LEES-MELOU,FRANCE,STADE BRESTOIS 29
197813,32,J. MARTIN,FRANCE,LOSC LILLE
251132,29,E. PIOVI,ARGENTINA,LDU QUITO
195859,29,D. INGS,ENGLAND,ASTON VILLA
263287,28,I. SCHRANZ,SLOVAKIA,SK SLAVIA PRAHA
209430,29,R. RIPART,FRANCE,ESTAC TROYES
198451,34,DANI RODRIGUEZ,SPAIN,RCD MALLORCA
227508,28,MELERO,SPAIN,LEVANTE UNION DEPORTIVA
232223,26,K. TSIMIKAS,GREECE,LIVERPOOL
257191,23,A. STACH,GERMANY,1. FSV MAINZ 05
221001,29,U. SALTNES,NORWAY,FK BOD/GLIMT
239837,23,A. MAC ALLISTER,ARGENTINA,BRIGHTON & HOVE ALBION
245279,25,REGUILON,SPAIN,TOTTENHAM HOTSPUR
202599,29,IGOR CORONADO,BRAZIL,AL ITTIHAD
212245,28,Y. GERHARDT,GERMANY,VFL WOLFSBURG
245155,21,M. KUDUS,GHANA,AJAX
9676,36,S. ETO'O,CAMEROON,ITTIFAK HOLDING KONYASPOR
215155,30,F. ZUQUI,ARGENTINA,ESTUDIANTES DE LA PLATA
240243,23,MATHEUS CUNHA,BRAZIL,ATLETICO DE MADRID
231447,23,D. MALEN,NETHERLANDS,BORUSSIA DORTMUND
188556,34,M. DIAME,SENEGAL,CF FUENLABRADA
214026,29,J. MOJICA,COLOMBIA,ELCHE CF
205201,28,O. YOKUSLU,TURKEY,WEST BROMWICH ALBION
243007,29,L. MASOPUST,CZECH REPUBLIC,SK SLAVIA PRAHA
239380,23,N. LANG,NETHERLANDS,CLUB BRUGGE KV
215590,28,AYOZE PEREZ,SPAIN,LEICESTER CITY
206517,26,J. GREALISH,ENGLAND,MANCHESTER CITY
198329,31,RODRIGO,SPAIN,LEEDS UNITED
205192,28,DENIS SUAREZ,SPAIN,RC CELTA DE VIGO
211567,29,GILBERTO,BRAZIL,SL BENFICA
209288,30,F. MOLLET,FRANCE,FC SCHALKE 04
239782,28,B. ACOSTA,HONDURAS,COLORADO RAPIDS
206469,26,T. FOUNTAS,GREECE,D.C. UNITED
168542,36,DAVID SILVA,SPAIN,REAL SOCIEDAD
210282,32,BRUNO PERES,BRAZIL,TRABZONSPOR
266063,25,P. BOCKAJ,CROATIA,DINAMO ZAGREB
4098,35,TIAGO,PORTUGAL,ATLETICO DE MADRID
232440,24,CAIO HENRIQUE,BRAZIL,AS MONACO
247204,23,EMERSON ROYAL,BRAZIL,TOTTENHAM HOTSPUR
223922,28,A. BOUCHALAKIS,GREECE,OLYMPIACOS CFP
213296,27,N. BENTALEB,ALGERIA,ANGERS SCO
177388,35,D. PAYET,FRANCE,OLYMPIQUE DE MARSEILLE
215531,29,D. TURUC,TURKEY,ISTANBUL BASAKSEHIR FK
210602,30,S. AL DAWSARI,SAUDI ARABIA,AL HILAL
240787,22,H. TRAORE,COTE D'IVOIRE,U.S. SASSUOLO CALCIO
201510,29,L. KURZAWA,FRANCE,PARIS SAINT-GERMAIN
240916,24,D. LJUBICIC,AUSTRIA,1. FC KOLN
222475,26,M. THORSBY,NORWAY,1. FC UNION BERLIN
220814,26,L. HERNANDEZ,FRANCE,FC BAYERN MUNCHEN
240976,24,M. SARACCHI,URUGUAY,LEVANTE UNION DEPORTIVA
221201,28,T. LEIBOLD,GERMANY,HAMBURGER SV
198133,29,L. BACUNA,CURACAO,CARDIFF CITY
233084,24,N. MOLINA,ARGENTINA,ATLETICO DE MADRID
198219,31,L. INSIGNE,ITALY,TORONTO FC
236276,25,A. DANJUMA,NETHERLANDS,VILLARREAL CF
229764,25,CORDOBA,SPAIN,FORTUNA SITTARD
257876,21,N. SEIWALD,AUSTRIA,FC RED BULL SALZBURG
247103,24,D. HANCKO,SLOVAKIA,AC SPARTA PRAHA
189461,29,J. WILSHERE,ENGLAND,AARHUS GF
221992,26,H. LOZANO,MEXICO,NAPOLI
187800,34,M. ISLA,CHILE,UNIVERSIDAD CATOLICA
204472,30,B. SARR,SENEGAL,FC BAYERN MUNCHEN
193983,30,A. DELORT,ALGERIA,OGC NICE
250,37,D. BECKHAM,ENGLAND,JUVENTUS
241390,22,E. ELMAS,NORTH MACEDONIA,NAPOLI
246764,22,M. CAMARA,MALI,FC RED BULL SALZBURG
246885,23,N. CAPALDO,ARGENTINA,FC RED BULL SALZBURG
226045,27,J. GALLARDO,MEXICO,JUVENTUS
164240,37,THIAGO SILVA,BRAZIL,CHELSEA
253157,22,H. BOUDAOUI,ALGERIA,OGC NICE
180216,33,S. COLEMAN,REPUBLIC OF IRELAND,EVERTON
199652,28,D. PRAET,BELGIUM,LEICESTER CITY
220502,27,M. ZACCAGNI,ITALY,LAZIO
222357,25,B. EMBOLO,SWITZERLAND,AS MONACO
167431,34,G. CASTRO,GERMANY,DSC ARMINIA BIELEFELD
205452,29,A. RUDIGER,GERMANY,REAL MADRID CF
209888,30,C. GOODWIN,AUSTRALIA,ADELAIDE UNITED
205407,30,D. BASELLI,ITALY,COMO
264240,17,GAVI,SPAIN,FC BARCELONA
256790,19,J. MUSIALA,GERMANY,FC BAYERN MUNCHEN
202078,31,D. NAGBE,UNITED STATES,COLUMBUS CREW
255475,22,ANTONY,BRAZIL,AJAX
200647,34,J. ILICIC,SLOVENIA,ATALANTA
223816,27,J. RODRIGUEZ,URUGUAY,AL NASSR
246113,24,ADRIA PEDROSA,SPAIN,RCD ESPANYOL DE BARCELONA
200155,29,H. VANAKEN,BELGIUM,CLUB BRUGGE KV
240190,25,K. MALONG,CAMEROON,OLYMPIACOS CFP
192679,32,ESCUDERO,SPAIN,REAL VALLADOLID CF
201995,29,FELIPE ANDERSON,BRAZIL,LAZIO
216451,30,J. SERI,COTE D'IVOIRE,HULL CITY
201417,30,M. DOHERTY,REPUBLIC OF IRELAND,TOTTENHAM HOTSPUR
231524,26,T. POCHETTINO,ARGENTINA,RIVER PLATE
198717,29,W. ZAHA,COTE D'IVOIRE,CRYSTAL PALACE
173909,35,K. BOATENG,GHANA,HERTHA BSC
255253,22,VITINHA,PORTUGAL,PARIS SAINT-GERMAIN
222509,25,DANI CEBALLOS,SPAIN,REAL MADRID CF
251217,24,JEAN LUCAS,BRAZIL,AS MONACO
198946,33,D. D'AMBROSIO,ITALY,INTER
217287,27,J. DE SART,BELGIUM,KAA GENT
232487,29,W. ENDO,JAPAN,VFB STUTTGART
173306,34,C. ANSALDI,ARGENTINA,TORINO F.C.
216380,26,D. SINKGRAVEN,NETHERLANDS,BAYER 04 LEVERKUSEN
232665,26,M. ARAMBARRI,URUGUAY,GETAFE CF
232711,25,J. STAGE,DENMARK,SV WERDER BREMEN
243627,21,Y. ADLI,FRANCE,AC MILAN
181019,26,EVERTON RIBEIRO,BRAZIL,AJAX
230384,26,NAILTON PADRENDA,BRAZIL,CLUBE ATLETICO MINEIRO
206273,26,O. SHATOV,RUSSIA,FC KRASNODAR
241095,24,N. VLASIC,CROATIA,WEST HAM UNITED
258208,23,O. LINGR,CZECH REPUBLIC,SK SLAVIA PRAHA
237566,28,K. ZACHARIASSEN,NORWAY,FERENCVAROSI TC
238041,22,T. MALACIA,NETHERLANDS,MANCHESTER UNITED
227528,30,B. ROMERO,ARGENTINA,RIVER PLATE
224394,27,FABIO MARTINS,PORTUGAL,SC BRAGA
206306,30,J. FERRI,FRANCE,MONTPELLIER HERAULT SC
193254,35,C. TRIMMEL,AUSTRIA,1. FC UNION BERLIN
176944,34,M. FELLAINI,BELGIUM,SHANDONG TAISHAN
230225,26,HEBERTO GAUCHO,BRAZIL,CLUBE ATLETICO MINEIRO
228520,28,E. AVILA,ARGENTINA,CA OSASUNA
203362,27,M. ELYOUNOUSSI,NORWAY,SOUTHAMPTON
204259,30,S. ARIAS,COLOMBIA,ATLETICO DE MADRID
177604,35,NACHO MONREAL,SPAIN,REAL SOCIEDAD
220295,32,E. VALENCIA,ECUADOR,FENERBAHCE SK
198140,30,R. FUNES MORI,MEXICO,CF MONTERREY
204884,26,B. MENDY,FRANCE,MANCHESTER CITY
234112,23,DODO,BRAZIL,FIORENTINA
231443,25,O. DEMBELE,FRANCE,FC BARCELONA
199110,31,L. MURIEL,COLOMBIA,ATALANTA
189511,33,SERGIO BUSQUETS,SPAIN,FC BARCELONA
177413,33,A. WITSEL,BELGIUM,ATLETICO DE MADRID
215639,26,KENEDY,BRAZIL,CHELSEA
216813,32,BRUNO HENRIQUE,BRAZIL,AL ITTIHAD
190593,31,D. ALEKSIC,SERBIA,ISTANBUL BASAKSEHIR FK
211119,34,PEDRO SANTOS,PORTUGAL,COLUMBUS CREW
186537,35,C. STUANI,URUGUAY,GIRONA FC
152999,38,R. PALACIO,ARGENTINA,BOLOGNA
245371,21,T. ALMADA,ARGENTINA,ATLANTA UNITED
213798,27,A. MOWATT,ENGLAND,WEST BROMWICH ALBION
237329,22,J. WILLOCK,ENGLAND,NEWCASTLE UNITED
241673,29,B. BARISIC,CROATIA,RANGERS FC
176769,34,JONAS,BRAZIL,SL BENFICA
200746,28,J. LUNDSTRAM,ENGLAND,RANGERS FC
243001,24,A. CICALDAU,ROMANIA,GALATASARAY SK
223334,25,JOELINTON,BRAZIL,NEWCASTLE UNITED
234236,26,P. SCHICK,CZECH REPUBLIC,BAYER 04 LEVERKUSEN
190460,30,C. ERIKSEN,DENMARK,MANCHESTER UNITED
235663,24,G. TIL,NETHERLANDS,PSV
232293,23,V. OSIMHEN,NIGERIA,NAPOLI
220714,26,P. BILLING,DENMARK,AFC BOURNEMOUTH
212729,25,TOZE,PORTUGAL,VITORIA DE GUIMARAES
175943,35,D. MERTENS,BELGIUM,GALATASARAY SK
211504,27,L. BAKER,ENGLAND,STOKE CITY
203570,31,S. DALLAS,NORTHERN IRELAND,LEEDS UNITED
245538,27,K. FURUHASHI,JAPAN,CELTIC
212623,25,SANTI MINA,SPAIN,RC CELTA DE VIGO
205600,28,S. UMTITI,FRANCE,FC BARCELONA
180819,34,A. LALLANA,ENGLAND,BRIGHTON & HOVE ALBION
212096,29,V. GRIFO,ITALY,SPORT-CLUB FREIBURG
184392,32,M. DARMIAN,ITALY,INTER
206225,30,D. CHERYSHEV,RUSSIA,VALENCIA CF
216547,29,RAFA,PORTUGAL,SL BENFICA
189172,32,FIDEL,SPAIN,ELCHE CF
192073,31,A. BERTOLACCI,ITALY,YUKATEL KAYSERISPOR
239373,23,Z. FLEMMING,NETHERLANDS,MILLWALL
242118,24,S. CORDOVA,MEXICO,TIGRES U.A.N.L.
212228,26,I. TONEY,ENGLAND,BRENTFORD
205855,28,M. LIVAJA,CROATIA,HAJDUK SPLIT
200215,31,S. RODE,GERMANY,EINTRACHT FRANKFURT
179765,33,E. VECCHIO,ARGENTINA,RACING CLUB
213928,27,E. SOBOL,UKRAINE,CLUB BRUGGE KV
203106,28,L. BITTENCOURT,GERMANY,SV WERDER BREMEN
231836,23,J. KARLSSON,SWEDEN,AZ ALKMAAR
248148,23,ZUBIMENDI,SPAIN,REAL SOCIEDAD
212188,26,T. WERNER,GERMANY,RB LEIPZIG
235134,25,P. ROSARIO,NETHERLANDS,OGC NICE
216409,28,M. POLITANO,ITALY,NAPOLI
256630,19,F. WIRTZ,GERMANY,BAYER 04 LEVERKUSEN
237960,26,MAMA BALDE,GUINEA BISSAU,ESTAC TROYES
201118,30,CEDRIC,PORTUGAL,ARSENAL
218745,26,O. NTCHAM,FRANCE,SWANSEA CITY
251804,21,S. DEST,UNITED STATES,FC BARCELONA
234468,26,E. REYNOSO,ARGENTINA,MINNESOTA UNITED FC
256408,20,S. SIMON,ARGENTINA,RIVER PLATE
223017,30,O. SAHINER,TURKEY,ISTANBUL BASAKSEHIR FK
206463,26,J. DUDZIAK,TUNISIA,SPVGG GREUTHER FURTH
216700,28,M. MEZA,ARGENTINA,CF MONTERREY
216283,30,DANILO,BRAZIL,VFL BOCHUM 1848
242380,25,STEPHEN EUSTAQUIO,CANADA,FC PORTO
228698,26,V. KOVALENKO,UKRAINE,SPEZIA
206413,32,T. STEPANENKO,UKRAINE,SHAKHTAR DONETSK
219391,29,G. ESCALANTE,ARGENTINA,LAZIO
204525,31,INIGO MARTINEZ,SPAIN,ATHLETIC CLUB DE BILBAO
186561,31,A. RAMSEY,WALES,OGC NICE
217714,27,P. ARRIOLA,UNITED STATES,FC DALLAS
197242,32,G. KRYCHOWIAK,POLAND,AL SHABAB
229668,27,MARIO HERMOSO,SPAIN,ATLETICO DE MADRID
224371,25,J. BOWEN,ENGLAND,WEST HAM UNITED
223724,29,S. LAINER,AUSTRIA,BORUSSIA MONCHENGLADBACH
191783,29,V. BERISHA,KOSOVO,STADE DE REIMS
205923,29,B. DAVIES,WALES,TOTTENHAM HOTSPUR
197756,30,J. AYEW,GHANA,CRYSTAL PALACE
247144,26,D. HOTIC,BOSNIA AND HERZEGOVINA,KSV CERCLE BRUGGE
235389,25,C. RODRIGUEZ,MEXICO,
208224,30,P. MANTALOS,GREECE,AEK ATHENS
179605,33,A. TAARABT,MOROCCO,SL BENFICA
236772,21,D. SZOBOSZLAI,HUNGARY,RB LEIPZIG
211862,31,A. HAHN,GERMANY,FC AUGSBURG
204699,31,L. MELGAREJO,PARAGUAY,CLUB LIBERTAD
211269,30,G. FERNANDEZ,ARGENTINA,BOCA JUNIORS
202335,28,E. DIER,ENGLAND,TOTTENHAM HOTSPUR
183130,32,M. ALBRIGHTON,ENGLAND,LEICESTER CITY
234035,26,ODRIOZOLA,SPAIN,REAL MADRID CF
208621,31,OSCAR PLANO,SPAIN,REAL VALLADOLID CF
251377,22,R. ZALAZAR,URUGUAY,FC SCHALKE 04
202493,32,ALEIX VIDAL,SPAIN,RCD ESPANYOL DE BARCELONA
192955,32,M. KLICH,POLAND,LEEDS UNITED
202316,32,T. CHANDLER,UNITED STATES,EINTRACHT FRANKFURT
186351,32,L. FER,NETHERLANDS,AYTEMIZ ALANYASPOR
221697,26,O. WATKINS,ENGLAND,ASTON VILLA
191076,31,J. GUMUNDSSON,ICELAND,BURNLEY
179681,35,M. SAMUDIO,PARAGUAY,CLUB LIBERTAD
213666,26,R. LOFTUS-CHEEK,ENGLAND,CHELSEA
211844,27,N. GAVORY,FRANCE,FORTUNA DUSSELDORF
210047,30,F. SCHAR,SWITZERLAND,NEWCASTLE UNITED
235152,22,F. KADIOGLU,TURKEY,FENERBAHCE SK
212446,28,L. GARRITANO,ITALY,FROSINONE
208919,26,R. GAULD,SCOTLAND,VANCOUVER WHITECAPS FC
193348,30,X. SHAQIRI,SWITZERLAND,CHICAGO FIRE FOOTBALL CLUB
245586,24,GUERRERO,SPAIN,FC ZURICH
251438,23,NUNO SANTOS,PORTUGAL,CHARLOTTE FC
238794,21,VINICIUS JR.,BRAZIL,REAL MADRID CF
186651,34,G. VURAL,TURKEY,ANTALYASPOR
213654,26,G. KAMARA,FINLAND,RANGERS FC
194644,31,MONTOYA,SPAIN,REAL BETIS BALOMPIE
217546,31,SEQUEIRA,PORTUGAL,SC BRAGA
236898,25,M. AEBISCHER,SWITZERLAND,BOLOGNA
211022,28,RUBEN GARCIA,SPAIN,CA OSASUNA
189165,30,J. SHELVEY,ENGLAND,NEWCASTLE UNITED
226677,24,J. BACUNA,CURACAO,BIRMINGHAM CITY
233487,23,R. MCGREE,AUSTRALIA,MIDDLESBROUGH
220746,25,A. ZIVKOVIC,SERBIA,PAOK
207791,28,Y. POULSEN,DENMARK,RB LEIPZIG
225309,25,N. AMIRI,GERMANY,BAYER 04 LEVERKUSEN
226853,25,J. ST. JUSTE,NETHERLANDS,SPORTING CP
263781,21,VANDERSON,BRAZIL,AS MONACO
252383,24,R. ZERROUKI,ALGERIA,FC TWENTE
202828,30,F. VIVIANI,ITALY,SPAL
246708,27,G. MASOURAS,GREECE,OLYMPIACOS CFP
257234,22,Y. HAMACHE,FRANCE,BOAVISTA FC
200888,30,DANILO PEREIRA,PORTUGAL,PARIS SAINT-GERMAIN
207537,26,J. LUKAKU,BELGIUM,LAZIO
169324,36,A. ULMER,AUSTRIA,FC RED BULL SALZBURG
223061,28,F. CERVI,ARGENTINA,RC CELTA DE VIGO
246646,22,M. CAQUERET,FRANCE,OLYMPIQUE LYONNAIS
205995,28,J. WILLEMS,NETHERLANDS,SPVGG GREUTHER FURTH
210455,28,JONNY,SPAIN,WOLVERHAMPTON WANDERERS
215157,30,F. LERTORA,ARGENTINA,CLUB ATLETICO COLON
239810,21,N. RASKIN,BELGIUM,STANDARD DE LIEGE
241568,22,C. FERREIRA,ARGENTINA,NEWELL'S OLD BOYS
206591,28,M. WEISER,GERMANY,SV WERDER BREMEN
198706,29,LUIS ALBERTO,SPAIN,LAZIO
235243,22,M. DE LIGT,NETHERLANDS,FC BAYERN MUNCHEN
214937,27,L. VILLALBA,ARGENTINA,ARGENTINOS JUNIORS
212214,30,A. SOLARI,ARGENTINA,RC CELTA DE VIGO
215322,28,J. SILVA,ARGENTINA,GRANADA CF
231887,25,Y. YAZC,TURKEY,LOSC LILLE
237043,22,R. ALVARADO,MEXICO,CLUB DEPORTIVO GUADALAJARA
213345,26,K. COMAN,FRANCE,FC BAYERN MUNCHEN
207733,27,FILIPE AUGUSTO,BRAZIL,DAMAC FC
184252,34,L. PRATTO,ARGENTINA,VELEZ SARSFIELD
235875,24,POL LIROLA,SPAIN,OLYMPIQUE DE MARSEILLE
216643,27,L. DUBOIS,FRANCE,GALATASARAY SK
217845,27,A. HJULSAGER,DENMARK,KAA GENT
203502,29,B. DECORDOVA-REID,JAMAICA,FULHAM
198553,32,C. GAMBOA,COSTA RICA,VFL BOCHUM 1848
216289,28,M. DIEMERS,NETHERLANDS,FEYENOORD
235844,24,E. ALVAREZ,MEXICO,AJAX
234111,22,D. TURNBULL,SCOTLAND,CELTIC
208920,27,N. AKE,NETHERLANDS,MANCHESTER CITY
216816,26,G. SIMEONE,ARGENTINA,HELLAS VERONA
235467,27,M. MORENO,ARGENTINA,ATLANTA UNITED
236838,23,Y. MALEH,MOROCCO,FIORENTINA
211575,28,ANDRE GOMES,PORTUGAL,EVERTON
226515,30,ANDREI GIROTTO,BRAZIL,FC NANTES
233049,22,J. SANCHO,ENGLAND,MANCHESTER UNITED
103935,32,A. AQUILANI,ITALY,UNION DEPORTIVA LAS PALMAS
230977,28,M. ALMIRON,PARAGUAY,NEWCASTLE UNITED
164141,25,RICARDO CONCEICAO,BRAZIL,VITORIA
236786,25,M. TERRIER,FRANCE,STADE RENNAIS FC
236298,25,E. ATUESTA,COLOMBIA,AJAX
226166,24,N. MUKIELE,FRANCE,PARIS SAINT-GERMAIN
225523,29,LEKUE,SPAIN,ATHLETIC CLUB DE BILBAO
212823,22,GABRIEL BARBOSA,BRAZIL,INTER
207884,30,WILLIAN ARAO,BRAZIL,FENERBAHCE SK
233585,23,LINCOLN,BRAZIL,FENERBAHCE SK
188988,29,M. LANZINI,ARGENTINA,WEST HAM UNITED
243014,22,B. MBEUMO,CAMEROON,BRENTFORD
209523,28,D. GONZALEZ,PARAGUAY,CLUB OLIMPIA
236998,26,J. LEA SILIKI,CAMEROON,ESTORIL PRAIA
236987,22,B. KAMARA,FRANCE,ASTON VILLA
244369,24,V. TSYGANKOV,UKRAINE,DYNAMO KYIV
213400,27,D. LAXALT,URUGUAY,AC MILAN
184087,33,T. ALDERWEIRELD,BELGIUM,ROYAL ANTWERP FC
236492,24,PEDRO DIAZ,SPAIN,REAL SPORTING DE GIJON
247819,22,N. SCHLOTTERBECK,GERMANY,BORUSSIA DORTMUND
196934,28,O. OZYAKUP,TURKEY,BESIKTAS JK
221695,25,G. DONSAH,GHANA,YENI MALATYASPOR
242332,20,G. BUSIO,UNITED STATES,VENEZIA FC
237496,23,D. MIHAILOVIC,UNITED STATES,CLUB DE FOOT MONTREAL
234983,26,Q. LACI,ALBANIA,AC AJACCIO
204464,28,J. RALLS,ENGLAND,CARDIFF CITY
183574,34,M. KRUSE,GERMANY,VFL WOLFSBURG
201862,32,M. ROJO,ARGENTINA,BOCA JUNIORS
226110,27,N. PEPE,COTE D'IVOIRE,ARSENAL
229862,25,EDU EXPOSITO,SPAIN,RCD ESPANYOL DE BARCELONA
224294,25,L. COOK,ENGLAND,AFC BOURNEMOUTH
241569,24,D. MARTINEZ,PARAGUAY,RIVER PLATE
185174,31,A. POLI,ITALY,ANTALYASPOR
216270,27,G. HONEYMAN,ENGLAND,MILLWALL
208509,27,T. FOKET,BELGIUM,STADE DE REIMS
222227,24,P. BERG,NORWAY,RACING CLUB DE LENS
179844,31,DIEGO COSTA,SPAIN,ATLETICO DE MADRID
231493,28,L. KLEINHEISLER,HUNGARY,AJAX
188154,31,L. HOLTBY,GERMANY,HOLSTEIN KIEL
228093,24,M. THURAM,FRANCE,BORUSSIA MONCHENGLADBACH
223926,25,S. BASTIEN,CONGO DR,BURNLEY
211300,26,A. MARTIAL,FRANCE,MANCHESTER UNITED
219466,27,B. MELING,NORWAY,STADE RENNAIS FC
214563,28,M. DUARTE,COLOMBIA,DEFENSA Y JUSTICIA
237386,23,K. DEWSBURY-HALL,ENGLAND,LEICESTER CITY
212491,28,A. MASUAKU,CONGO DR,BESIKTAS JK
241928,22,A. SAMBI LOKONGA,BELGIUM,ARSENAL
241856,23,MANU MORLANES,SPAIN,VILLARREAL CF
212715,30,S. PALACIOS,ARGENTINA,PANATHINAIKOS FC
246147,19,M. GREENWOOD,ENGLAND,MANCHESTER UNITED
183346,33,F. FREI,SWITZERLAND,FC BASEL 1893
252064,23,L. KREJCI,CZECH REPUBLIC,AC SPARTA PRAHA
222987,30,H. YAMAGUCHI,JAPAN,VISSEL KOBE
223597,29,R. AGUILAR,FRANCE,AS MONACO
225782,24,A. MAITLAND-NILES,ENGLAND,ARSENAL
234742,24,H. BARNES,ENGLAND,LEICESTER CITY
223136,29,Y. ERDOGAN,TURKEY,TRABZONSPOR
193408,30,H. SEFEROVIC,SWITZERLAND,GALATASARAY SK
205633,33,L. CASTRO,ARGENTINA,CLUB ATLETICO SARMIENTO
240690,24,N. GONZALEZ,ARGENTINA,FIORENTINA
219571,28,CAMARASA,SPAIN,REAL BETIS BALOMPIE
201305,31,GABRIEL PAULISTA,BRAZIL,VALENCIA CF
241721,23,RAFAEL LEAO,PORTUGAL,AC MILAN
214132,31,Y. CHARA,COLOMBIA,PORTLAND TIMBERS
158963,36,L. BIGLIA,ARGENTINA,ISTANBUL BASAKSEHIR FK
258343,20,F. SOUCEK,CZECH REPUBLIC,AC SPARTA PRAHA
203299,31,A. CARRILLO,PERU,AL HILAL
21146,35,M. CARRICK,ENGLAND,MANCHESTER UNITED
193133,31,J. LARSEN,DENMARK,TRABZONSPOR
213955,27,S. AZMOUN,IRAN,BAYER 04 LEVERKUSEN
199189,28,R. BARKLEY,ENGLAND,CHELSEA
222501,26,T. CASTAGNE,BELGIUM,LEICESTER CITY
236045,28,REINILDO,MOZAMBIQUE,ATLETICO DE MADRID
211907,34,J. GONDORF,GERMANY,KARLSRUHER SC
190824,30,O. ELABDELLAOUI,NORWAY,GALATASARAY SK
254822,26,F. TUDOR,CROATIA,RAKOW CZESTOCHOWA
215061,32,D. BENEDETTO,ARGENTINA,BOCA JUNIORS
230625,27,MATHEUS REIS,BRAZIL,SPORTING CP
199422,31,J. CLASIE,NETHERLANDS,AZ ALKMAAR
240343,25,L. FIORDILINO,ITALY,VENEZIA FC
231355,24,AYRTON,BRAZIL,SPARTAK MOSKVA
245687,31,C. SIERRA,COLOMBIA,AMERICA DE CALI
243388,24,B. SOSA,CROATIA,VFB STUTTGART
207807,28,R. FRASER,SCOTLAND,NEWCASTLE UNITED
205391,28,S. MEITE,FRANCE,SL BENFICA
235167,24,V. JANELT,GERMANY,BRENTFORD
223517,26,DANILO,BRAZIL,OGC NICE
228245,29,M. WANITZEK,GERMANY,KARLSRUHER SC
220710,25,H. WILSON,WALES,FULHAM
218936,27,RAFA SOARES,PORTUGAL,PAOK
194022,31,ANDRE ALMEIDA,PORTUGAL,SL BENFICA
210423,27,A. RUSNAK,SLOVAKIA,SEATTLE SOUNDERS FC
176600,35,K. GAMEIRO,FRANCE,RC STRASBOURG ALSACE
41236,40,Z. IBRAHIMOVIC,SWEDEN,AC MILAN
188044,31,A LAN,CHINA PR,GUANGZHOU FC
237647,25,A. HRUSTIC,AUSTRALIA,EINTRACHT FRANKFURT
